Topic_id,Topic,Polarity,Text
A7,,,"athar zitokanazo na ukeketaj 
1magonjwa yatokanayo na dhana za ukeketaj
2vifo kutoka damu nyng pind unapokeketwa
3kuathirika kisaikologia "
A7,,,athari ya ukeketaji ni kutokwa na damu nyingi na anaweza ata kupoteza maisha
A7,,,a kupoteza damu b kifo c kupata magonjwa
,,,kutoa elimu zaidi katika jamii mbalimbali hasa yale makabila yanayokeketa wanawake waachane na mila potofuvile vile hatua kali za kisheria zichukuliwe juu ya mtu atakae bainika kufanya kitendo cha unyanyasaji kijinsia kama hicho
A7,,,athari za ukeketaji wa mwanamke          1kupata maambukizi ya ukimwi  au vvu        2husababisha maumivu makali pamoja na kupoteza damu nyingi pindi anapo keketwa nk
"A1,A7",,,athari kubwa ni kupoteza damunyingi wakati wa kujifungua pia inawapunguzia hamu ya tendo la ndoa
"E2, D4",,,ÃÂÃÂÃÂÃÂ£ÃÂÃÂÃÂÃÂ¢ÃÂÃÂÃÂÃÂ¢ÃÂÃÂÃÂÃÂ§elimu itolewe kwa jamii usika juu ya madhala ya ukeketaj
D4,,,elim itolewe kwa wazazi hasa kwa maeneo yanakofanyika vitendo hivyo
"D4, E2",,,elimu juu ya madhara ya ukeketaji kwa wanawake izidi kutolewa kwenye jamaii
"D4, E2",,,jamii zinazo keketa wanawake zipewe elimu
"D4, G6",,,itolewa elimu pia ziwekwe sheria
"E2, D4, G6",,,kuwakamata mangaribakutoa elimu na kufuta mila potofu
G6,,,shelia ifate mkondo wake
G6,,,kushndwa kujiamn kwa watoto endap atafanyiwa ukeketaj
"D4, E2",,,1kutoaelimujuuyaatharizaukeketajikwawanawakeÃÂÃÂÃÂÃÂ£ÃÂÃÂÃÂÃÂ£ÃÂÃÂÃÂÃÂ¢ÃÂÃÂÃÂÃÂ
A7,,,"kupoteza damu myingi 
kuwa hatarin kuambukizwa magonjwa pindi wafanyiwapo kitendo cha ukeketaji"
"D4, E2",,,uwekezaji wa elimu kwa jamii ambazo bado zinakumbatia tamaduni zenye athari hasi kwa watu wake
A7,,,kutokwa na damu nyingi wakati wa kujifungu kupoteza maisha
,,,hamnilipi mnanisumbua tyu
"G6, D4, E2",,,"1kwanza kabisa serikali lazima iunde sheria na kuzitekeleza ipasavyo kwa wote wanao wafanyia wasichana masuala hayo
2kuepo kwa semina mbalimbali ambazo zitatoa elimu juu ya athari mbaya za ukeketaji wa wanawake
3kuvunja ukimya kwa wanajamii wote ambao wanashuhudia matendo ya ukeketaji katika jamii zao lazima waweke wazi kwa sehemu husika za kisheria
4kuongeza fursa za elimu kwa wanawake ili kuwawezesha kujuwa haki zao za kimsingi"
D4,,,kuwepo na semina malakwa mala
A7,,,"1kufa kwa watu
 2kuharibu via vya uzaz
 3kumwaxir mwanamke kisaikolojia"
G6,,,itolewe adhabu kali kwa mtu anayefanya hiko kitendo
,,,huwa tunaumia sanawanawake
"A1,A7",,,kupoteza damu nyingi wakati wa kujifungua kupoteza hamu ya tendo la ndoa
"G6, E2",,,mimi naweza kushauri kwanza kila mkoa ambao unahusika na swala nzima la ukeketaji waache kabisa na pili napenda serikali iweze kuwachukulia hatua kali kwa wahusika
C3,,,mambukiz ya ukimwikifokupungua kwa uzalishaj mali
"D4, E2",,,serikali itoe elimu ya kutosha juu ya swala la ukeketaji na athali zake kwan tunapoteza ndugu weng sn kila ifikapo msimu wa ngoma
A7,,,kupoteza damu nying wakat wa ukeketaji kufa
A7,,,upungufu wa damu mwilini vifo ukilema kuto kuwa na hamu ya mapenzi
"A4,A6",,,mtoto wamwenzio ni wako tushirikiane kuwalinda watoto wa kike watimize ndoto zao
"A4,A6",,,mtoto wamwenzio ni wako tushirikiane kuwalinda watoto wa kike watimize ndoto zao
"E2, D4, G6",,,elimu yakutosha dhidi ya utokomezaji wa kukeketwa hasa vijijini na ulizi na upelelezi ufanyike atakae julikana anafanya hayo apelekwe kwenyekituo chapolic ajib mashtaka
"D4, E2",,,elimu itolewe mila mbaya zizuiwe
"D4, E2, G6",,,"kwakuwa serikali ishaingilia kati ilo swala naona litaisha maana wenye mila ya ukeketaji wangi washaelimika kuusu ilo vlvle na wale wachache waliobakia waendelee kuelimishwa
ÃÂÃÂÃÂÃÂ£ÃÂÃÂÃÂÃÂ¢ÃÂÃÂÃÂÃÂ¢ÃÂÃÂÃÂÃÂ­ÃÂÃÂÃÂÃÂ¢ÃÂÃÂÃÂÃÂata uwape nn wanadamÃÂÃÂÃÂÃÂ£ÃÂÃÂÃÂÃÂ°ÃÂÃÂÃÂÃÂ¢ÃÂÃÂÃÂÃÂÃÂÃÂÃÂÃÂ¢ÃÂÃÂÃÂÃÂÃÂÃÂÃÂÃÂ¢ÃÂÃÂÃÂÃÂ"
A7,,,athari kubwa ambayo ipo ni kupoteza wasichana wengi sana
A7,,,athar zake ni kama kumwaga dam nying wakat wa kujifungu na kusababisha vifo
A7,,,kifougumbana maradh kama fistula
G6,,,haifai kwa ujumla tyu
D4,,,ko lin mtatwita kutapa semina kuhusu mambo ya kijamii ili tuwe walimu wa kuerimisha
A7,,,kuathirika kisaikologia kama kujiona hana saman tena kukosa hamu ya tendo la ndoa na kadhalika
"A1,A7",,,kutokwa damu xana na kuxhindwa kujifungua
"A7, E2",,,mara nyingi vifo vinatokea wakati wa ukeketaji
"D4, E2",,,pia serikali lazima ieke mazingira mazuri ya kushirikiana na ngos ili kufika elimu za kijinsia kwa wanawake mfano tanzania gender networking programme
"D4, E2, G6",,,1 elimu itolewe dhidi ya ukeketaji wa wanawake 2 azabu zitolewe kwa wale wote wanaoendekeza ukeketaji wa wanawake
A7,,,kuwadhalilisha wanawake na kutokwa damu nyingi kuwaharibu kisaikorojia
"D4, E2, G6",,,kupiga vita dhidi ya ukeketaji pia serikali inabidi iendeleze semina kila mahal atamimi nipo tayar kuelimisha wengine na jamii kwaujumla
A7,,,kwanza tatizo kwa vifaa vinavyo tumika vina mncha kali vina wenze kuleta atali kwa mwana mke
D4,,,"athari nyengine ya ukeketaji ni kwamba 
watoto wa kike hawapati haki ya kusoma maana baada ya kukeketwa kinchofuata n ndoa"
"E2, G6",,,kuweka sheria kali itakayo zuia jambo hili ktwakamata wote wanaohusika na jambo hili na kuwahukumu maisha yao yote jela
D4,,,kutoa elimu ushaur kwa wauska kutokan na mthara
D4,,,mangariba kupewa elimu stahik
"D4, E2",,,wanajami wapewe elm y ktosha khs ukeketaj ili wapate kujua khs madhara y ukeketaj
D4,,,tunatakiwa kutoa taarifa pale pingi tunaona ukeketaji wa wanawake na kusaidina na raia wengine kutekomeza ukeketaji na kutoa taarifa kwa shirika la kupambana na kutotemeza ukeketaji
A7,,,husababisha vifo vinaadhiri hata nwenyendoa maana mwanamke hasikii ham yakuwa na mumewe nk
"D4, E2",,,jamii inatakiwa ipewe elimu na athal za ukeketaj na serikal ipige malfuku mila potofu
"D4, E2",,,"ni  kutoa elimu  kwawazee wa kimila ili kuacha mila hizo


"
"E2, G6",,,seeikari iweke sheria kali kwa wenyewe wanaendeleza ukeketaji
"G6, D4",,,sheria kali ziwekwe elimu itolewe kuhusu athari zake
"D4, G6",,,"1kuelimisha watu kuhuxu ukeketaji 
2 wote wanao husika nashughuli hiyo waelimishwe
3atakae kamatwa anajihusisha na shughuli hi akamatwe"
A7,,,husababisha vifo vinaadhiri hata nwenyendoa maana mwanamke hasikii ham yakuwa na mumewe nk
"D4, E2",,,kitu ambacho kinatakiwa kifanyike ni kuelimisha jamii juu athari ya ukeketaji kwa wanawake
A7,,,maambu kizi kua mengi
"D4, E2",,,elm itolew kw wat wot juu ya ukeketaj
G6,,,vyombo vya dola viweze kushugulikia
G6,,,serkali iwembele kutusimamiawanawake tz
"A6,A7",,,mwanamke au msichana kupoteza damu nyingi na kupata maambukizi mbalimbali kwasababu kifaa kinachotumika kwa ukeketaji kinatumika kwa kila mtu
A1,,,kwanza kabisa anaweza kupotez damnyingi wakat wakukeketwa nakupelekea kupotez maisha pili anawez kuambukizwa magonjwa mbali mbali wakat wa ukeketwaji ikiwemo ukimwi kutokan nakutumia vituvyenye nchamali kwam2 zaid ya1 lakin pia wanawake walio keketwa hupat shidasan wakat wakujifungua nakuperekea baazi yao kupotez maisha
,,,asante nime penda mjadala yenu msisite kunishirikisha
D4,,,sheria kali ziwekwe elimu itolewe kuhusu athari zake
A7,,,uwaathiri kisakolojia  na maswala ya udhazi
A1,,,ukeketaji wanawake unahatalisha maisha kwan husababisha mwanamke kutokwa na dam nying wakat wakujifungua pia maambukiz ya vvu  aids
"A6,A7",,,mwanamke kufarki dunia endapo damu itatoka nyingi na kutokuwa na uuke kama alozaliwa naomsichana kubadrika kimwili endapo akipona
"G6, E2",,,wauawe wanakekta wanawk
A7,,,kuambukizan magonjwa na ata ivyo anaweza kufa
A7,,,wataalam wa afya watoe semina kwa kila mkoa wilaya kata had vijijinpia watoto wakike wakaguliwe pind wapelekwapo klinik
"A7, C3",,,vifo maambukizi ya vvu
"D4, E2",,,mashirikasekta zinazoshuhurika na masuala hayo yakishirikiana na serekali yazidi kutoa elimu kwa kutangaza namadhara makubwa yanayo wakumba hao walio keketwa
"G6, E2, D4",,,1kuweka sheria kali zidi ya wanao toa huduma hiyo ya ukeketaji                  2kutoa elimu ya kutosha au kuelimisha jamii zinazo fanya ukeketaji
A7,,,kuna vifo maumivu makali  wakati wa tendo la ndoa
"E2, D4",,,niku kemeya vikal nakupinga  mila potofu nau nyanyaj zind ya wana wake
A7,,,maambukz ya magonjwa mbalmbal
A7,,,usababisha magonjwa  na kumsababisha mwanamke kutosikia hamu ya tendo la ndoa
A7,,,kupoteza damu nyingi maambukizi ya ukimwi nahata kifo
A7,,,ni kutokwa na damu nyingi na hata kupoteza maisha
A7,,,"1 kutoridhishana katka ndoa
2 kukosa hamu ya tendo la ndoa hasa hasa kwa mwanamke
3 kutokwa dam nying kipind cha kukeketwa na wakat mwingne kupoteza maisha"
D4,,,jamii ipewe elimu ya madhara ya ukeketaj wa wanawake
D4,,,kuelixhana au kutoa elimu
"A1,A7",,,damu nyingi inamwagika wakati wa kujifungua kitu kinachopelekea hata vifo huduma ikiwa mbali hasa kwa wale wa vijiji vya ndani ndani
"D4, G6",,,1 kuelimisha jamii  2 kupga vita suala 3 kuweka sheria
A7,,,kifo kutokwa na dam nying kpnd cha kuzaa
"D4, E2",,,kutoa elimu juu ya athari za ukeketaji kwa kila jamii hapa tanzania
"D4, E2",,,kutoa elimu juu ya athar za ukeketaji kwa watoto wa kike na fain zitozwe kwa wanaojihusisha na shughuli iyo ngaliba
A7,,,kuvuja damu nyingi na kuathirika ksaikolojia
,,,asante naomba kuuliza kuhusu kilimo
D4,,,elimu ianzie tangu shule ya msingisekondar hadi vyuoikisaidiwa na vyombo vya habari
A1,,,maambukizi ya magonja hatari yatokanayo na vifaa watakavyotumia wakath wakukeketatena ni hatari wakati wa kujifungua
"D4, E2",,,elimu kwa jamii ambazo zina mila izo na tuwe walizi wa wanawake ili tuki ona vitend kam ivyo tuchukue atuwa
G6,,,wanaofanya hivyo wachukulie hatua ya kisheria
A7,,,kutokwa na damu nyingi
A7,,,athari za ukeketaji ni 1kuvuja damu nyingi mpaka kusababisha kifo 2uchangiaji wa vifaa vya ukeketaji huweza kusababisha magonjwa kama ukimwi 3matatizo ya kisaikolojia kwa mwanamke alokeketwa 4kuondoa ham ya mapenzi hvyo kusababisha migogoro ya ndoa hasa mwanamke akiolewa na mwanamme asiye kabila lake
A1,,,hasa ni maambikizi ya ugonjwa wa ukimwimwanamke kupata maumivu makali wakat wa kujifungua pia ni udhalilishaji wa kijinsia
G6,,,wanaofanya hivyo wachukulie hatua ya kisheria
A7,,,kupungua  damu  hata  kupoteza  maisha
"D4, E2",,,watu wapewe elimu kuhusu madhara yaukeketaji
G6,,,kuwasisitizia viongozi
A7,,,husababisha vifo vinaadhiri hata nwenyendoa maana mwanamke hasikii ham yakuwa na mumewe nk
"D4, E2",,,kuelimisha jamii kuhusu athari za ukeketaji
A1,,,hupoteza maisha pia huleta madhara wakat wakujifungua
"G6, D4, E2",,,wakeketaj wawajibishwe ipasavyona elimu itolewe kwa ngazi za smtaa hadi ngaz za juupia liwekwe somo maalum mashuleni
"G6, E2",,,kuwachukulia hatua kali za kisheria wkeketaji nakuwakeme kwa sauti ya uma
G6,,,wanaofanya hivyo wachukulie hatua ya kisheria
A7,,,maambkz ya magnjwa kama vle ukmwkpoteza damu nyng
A7,,,"1 udhalilishaji
2 kifo 
3 kupata maradhi ya maambukizi"
A7,,,1vifo vya wanawake ulemavu was viungo mfano sehemu za siri na kumsababishia  masumbuko wakati wa kujifugua
D4,,,elimu ifike kwenye jamii ya watu hasa vijijini
"D4, E2",,,kuwapatia elimu juu ya madhara ya ukeketaji pia hatua kali zichukuliwe kwa watakaobainika kuhusika na tendo hilo pia kuunda tume shirikishi huko vijijini kuchunguza ukeketaji unaendele na unafanywa lini na nani wakamatwe na sheria ifuatwe
A7,,,maambukiz ya magonjwa
D4,,,elim itolewe kwa jamii na iwekwe shelia
A7,,,vifo vingi hutokea kwaiyo naomba jamii iachane na ilo jambo
"D4, E2",,,elimu inatkiwa itolew katka jamii ili kujua athar za ukektaj
A7,,,kuuathiri mwili kisaiklojia
"A1,A7",,,kwaupande wangu nikuhatalisha maisha ya mwanamke wakati wakujifungua kutokwa nadamu  nyingi nakusababisha  magonjwa na vifo visivyo vya lazima
A7,,,kwanza vifo mwanamke anaweza akaketwa alafu akatokwa damu nyingi nakumsababishia kifo
A1,,,kwanza kabisa anaweza kupotez damnyingi wakat wakukeketwa nakupelekea kupotez maisha pili anawez kuambukizwa magonjwa mbali mbali wakat wa ukeketwaji ikiwemo ukimwi kutokan nakutumia vituvyenye nchakali kwam2 zaid ya1 lakin pia wanawake walio keketwa hupat shidasan wakat wakujifungua nakuperekea baazi yao kupotez maisha
A7,,,1 huweza kumpotezea damu nyingi wakati wa ukeketaji 2 pia huweza kusababisha kifo nk
"D4, E2",,,elimu isambae mjini na vijijini kuhusu ukeketaji kwa wanawake hakika tutatokomeza ukeketaji kwa wanawake pia serikali ijue hilo
"A1,A7",,,kupoteza damu wakat wakujifungua pili kuleta mgogoro katika ndoa kwa ajil mwanamke atakua hana hamu ya tendo la ndoa
"D4, E2",,,kuelimisha jamii  kuhusu ukekeetaji
"A6,A7",,,"athari mbaya za ukeketaji wanawake ni 
maambukizi ya magonjwa ya damu
kuhalibika sehemu zauzazi
kupoteza radha ya tendo landoa nk"
D4,,,kutoa elimu kwa jamii
"D4, G6",,,elimu itolewe pia sheria kali zichukuliwe
D4,,,jamii ipewe elimu kuhusiana na hilo swala
D4,,,kwapatia mafuzo hayo makabira yenye tabia hiyo
"D4, G6, E2",,,elim itolewe kuhusu ukeketaj na athar zake na kuanzxha xhelia kali kwa wanaojihusisha na ukeketaj
D4,,,elimu nijambo la msingi kwa jamii kuusu madhara yanayo ipata jamii
A1,,,wanaathirika na kupata taabu sana wakat kujifungua na pia wanapotez uhalisia wa tendo la ndoa yan hawana hamu wala msisimko wakat wa tendo landoa na pia wafanya hvyo kwa maumiv makal san mana hakuna ute wa kulainisha sehemu ya uke
A7,,,kwa maoni yangu ukeketaji unaweza kusababisha vifo
"A6,A7",,,a kupoteza maisha kwa kutokwa damu nyingi b magonjwa kwa kuwa wanatumia kifaa kimoja kwa watu wengi cmaumivu makali  dpia kiungo kinachotolewa hutumika pia kupeleka taarifa kwenye mfumo wa uzazi kwa hiyo kikitolewa wanakuwa wanapunguza uwezo wa mwanamke kuhisi tendo linalofanyika
"D4, E2",,,kueleza au kufundisha hasara za ukeketaji wa wanawake katika jamii
E2,,,waache mila na utamaduni usio na maadili kwani haipendezi na c zuli kwa jamii
A7,,,kwanza magonjwa ya zinaa
G6,,,tuendele kukomesha kwenye mitaa hata kwenye vyombo vya habari na sehemu mbarimbari za mikusanyiko
A7,,,"kam kutokw na dam nyng wkt w kujfungua kutokw na mkojo pia bla kujizuia nk
tatzo ukwlunauma"
A7,,,kuwepo na taasisi za kutetea haki za binadamu kwa ustawi wa jamii kuwepo na elimu itakayowafundisha wananchi especially kwa yale makabila yanayofanya vitendo kama hivyo yya ukatili wa kijinsia
"D4, E2, G6",,,1kutoa elimu katika jamii juu ya madhara ya ukeketaji wanawake 2kutunga sheria zitakazokataza ukeketeji nchini
"D4, E2",,,uhamasishaji na elimu itolewe kwa ngariba kama wale wa arusha walivyoacha shughuli hiyo
"D4, G6",,,elimuitolewewafanyaowafungwejela
A7,,,pia athar kubwa ni kupoteza maisha ya watu kutokan na kuvuja damu wakat wa tendo la kukeketa
"D4, E2",,,jamii ipewe elimu juu madhara yatokanayo na ukeketaji
"A1,A7",,,husababisha mwanamke kutoka damu nyingi wakati wa kujifunguapia husababisha magonjwa kama  ukimwi kutokana na  kuchangia vifaa vya kukekwteapia vifo
A7,,,1kutokwa damu nyingi 2uwezekano wa kuambukizwa vvu wakati wa ukeketaji 3matatzo ya kisaikorojia nk
A7,,,kwa maoni yangu katika swala la ukeketaji  na athari zake unyanyasaji kwa wanawake pia wanapo pelekwa kukeketwa wanapigwa kwanza  pia wanapo keketwa na wanatokwa na damu nyingi sehemu za siri
"D4, E2",,,ningependekeza wadau hasa tasisi za misaada zijitolee kusaidia kuunda club hasa maeneo ambayo yamekuwa yakijihusisha sana  kwa ajili ya kampeni za kufanya mobilization ili watu waendelee kuelewa zaidi madhara ya ukeketaji kwa wanawake
"E2, G6",,,kuhukumiwa wanao chochoe nawanao fanya ukeketaji
"D4, E2",,,kutoa semina mbal mbal katka jamii znazoelezea athal za ukeketaj kwa wanawake
"D4, E2",,,elimu kwa makabila husika itolewe hasa vijijinipia elimu hizo ziweze kufundishwa mashuleni juu ya athali za ukeketaji ili watoto wawe mabalozi wazuri majumbani na vijijini kwao kukemea tatizo hilipia nazani wakeketaji wasishitakiwe kwani hiyo haitamfanya yeye aache kukeketa watoto bali itamfanya ajihisi kama vile serikali inamuonea kwa kuingilia mila na desturi zak
A7,,,wanawake wengi hupoteza maisha kutokana na kumwaga dam nyingi sana
,,,mshaniuliza tena mnaludia
"E2, G6, D4",,,kuimalisha sheria zilizopo kuhusu ukeketaji elimu kutolewa kuanzia shule za msingi had chuo kikuu
"A7, C3",,,maambukizi ya magonjwa ya zinaa kwa urahc
C3,,,maambukizi ya virusi vya ukimwi
"D4, E2",,,ifanyike semina kila sehem hasa vijijin na wanaotenda vitendo hivyo wachukuliwe hatua
G6,,,kuwakosesha aman za ndoa zao
"D4, E2",,,kwa maoni yangu kungeteuliwa makundi kama manne ambayo mawili ni wanawake na mawili wanaume hawa watapewa mafundisho kupitia semina alafu wawezeshwe kupitia baadhi ya mikoa iliyoathirika zaidi na kuwakataza wasiendeleze mila hizomi mwenyewe naeza kua mmojawapo mwa hao watakaokua wahamasishaji kuzuia ukeketaji mwanamke
"A1,A7",,,athari mbaya za ukeketaji kwa wanawakemoja kutokwa na damu nyingi wakati wa kujifunguapia kupata maumivu makal pale wanapo maliza kufanyiwa ukeketajipia ukeketaji hupelekea mwanamke kupata ugumba
G6,,,kwa wale watakao bainika wachukuliwe hatua
"D4, E2",,,kwa maoni yangu kungeteuliwa makundi kama manne ambayo mawili ni wanawake na mawili wanaume hawa watapewa mafundisho kupitia semina alafu wawezeshwe kupitia baadhi ya mikoa iliyoathirika zaidi na kuwakataza wasiendeleze mila hizomi mwenyewe naeza kua mmojawapo mwa hao watakaokua wahamasishaji kuzuia ukeketaji mwanamke
"D4, E2",,,wahelishwa  watu wenye tabia hiyo na wapewe mitaji ili wafanye shughuli za ujasiliama
D4,,,wananchi tusiwafiche wanaofanya kitendo hicho
"D4, E2",,,kwa maoni yangu kungeteuliwa makundi kama manne ambayo mawili ni wanawake na mawili wanaume hawa watapewa mafundisho kupitia semina alafu wawezeshwe kupitia baadhi ya mikoa iliyoathirika zaidi na kuwakataza wasiendeleze mila hizomi mwenyewe naeza kua mmojawapo mwa hao watakaokua wahamasishaji kuzuia ukeketaji mwanamke
A7,,,kwanza huyo mkeketwaji ataachiwa majerahanakupelekea kuumia wakati wa kujoa na pia kuumia anapofanya tendo la ndoa
E2,,,nikukomesha mila potofu nazabu kali zitolewe zidi yawanao fanya hivyo
,,,nipendekeze kivipi nitume namba yake au
"A1,A7",,,"1kutokwa na damu nyingi wakati wa kujifungua
2kuenea kwa majonja mfano ukimwi kutokana na kutumia kifaa kimoja
3kukosa hamu ya kufanya tendo la ndoa"
G6,,,kuwakosesha aman za ndoa zao
G6,,,sijui kama itawezekana kutokomeza maana wakati nyinyi mnasema mmetokoza kuna vijiji bado wanaendeleza
A1,,,kubwa ni njia mojawapo inayoweza kupoteza maisha kwa wanawake na hata matatizo wakati wa kujifungua
"G6, E2, D4",,,sheria kali zchukuliwe dhd ya jami au makabila yeny mila hzo na elimu ya madhara ya ukeketaj yatolew kwa wing ktk mazngra ambako ktendo hcho kmeshamili zaid
"D4, E2",,,inatakiwa wazee walio na dexturi hiyo waelimixhwe kiundan zaid
G6,,,kuwakosesha aman za ndoa zao
A7,,,athari mbaya za ukeketaji ikiwemo kusabibisha vifo na na maambukizi ya magonjwa mbalimbali
G6,,,serikali kusaidi kuliingilia kwa nguvu zake
E2,,,maoni yagu nikuko mesha ukeketaji katika jamii
"D4, E2, G6",,,1 elimu juu ya adhali za ukeketaji 2sheria kali kwa jamii husika nk
"D4, E2",,,1 kuwaelimisha wanajamii ju ya athari ya ukeketaji2 kuacha kabisa suala la ukeketaji 3 wazee hasa wa kabila waweze kuelewa ju ya hathari za ukeketaji na kuwaelimisha jamii zao kuacha suala hilo 4 suala hilo liache kabisa
"C3, A7",,,maambukiz ya virus vya ukimwi na vifo
A7,,,vifo pamoja na maambukizi ya magonjwa
"D4, E2, G6",,,"1 watanzania wapewe elimu kuhusu madhara ya ukeketaji wa wanawake
2 serikal ipige marufuku ukeketaji wa wanawake
3 ngariba wote wanajihusisha na hayo maswala wakamatwe na wachukuliwe hatua kali za kisheria
"
"G6, E2, D4",,,sheria kali zchukuliwe dhd ya jami au makabila yeny mila hzo na elimu ya madhara ya ukeketaj yatolew kwa wing ktk mazngra ambako ktendo hcho kmeshamili zaid
,,,ansante kwa kunishirikisha
A7,,,athar zinazosababishwa na ukeketaji ni kupoteza maisha kwa wafanyiwa hvyo upoteza nguvu kaz ya taifa
A7,,,pia athar kubwa ni kupoteza maisha ya watu kutokan na kuvuja damu wakat wa tendo la kukeketa
A7,,,athar zinazosababishwa na ukeketaji ni kupoteza maisha kwa wafanyiwa hvyo upoteza nguvu kaz ya taifa
D4,,,walewanaofanyahivonawashauliwaache
A7,,,athar zinazosababishwa na ukeketaji ni kupoteza maisha kwa wafanyiwa hvyo upoteza nguvu kaz ya taifa
"A1,A7",,,mwanamke kupoteza damu nyingi wakati wa kujifungua
A7,,,kutokwa na damu nyingi wakati wa kujifungukupata maambukizi ya ukimwikusababisha kifo
A7,,,athar zinazosababishwa na ukeketaji ni kupoteza maisha kwa wafanyiwa hvyo upoteza nguvu kaz ya taifa
"D4, E2",,,"2endelee kuhamaxixha jamii ambzo bdo hawajui  madhar ya ukeketaj wala hawana elmu j y ukeketaj 
tatzo ukwlunauma"
A7,,,kutokwa na damu nyingikuwa mgumbkupoteza hamu ya kufanya mapenzi
"D4, E2",,,kwanza waelimishwe jua ya jambo hilo pili kuwenasemina juu yao
"D4, E2, G6",,,itolewe elimu kwa wale wausika watao endelea na upuuzi huo wakigundulika wakamatwe na kufungwa maisha
G6,,,atakae bainka afungwe kifungo cha maisha ili iwe fundisho kwa wengine
A7,,,kupata maambukizi kirahisi pia kutokwanadamu nyingi ambapo hupelekea vifo vyawasichana wengi
,,,kuelimisha jamii kuhusu athari za ukeketaji kwa wanawake
A7,,,kutoka damu nyingi hadi kifo ndio athari mbaya zaidi
A7,,,kuwapoteza ndugu zetu
,,,"axnte karbun
tatzo ukwlunauma"
A1,,,1kifo 2kupata magonjwa mbalimbali eghiv and aids 3kupata maumivu makal wakat wa kujifungua nk
"D4, E2",,,naomba serikali itoe elim katika jamii inayo tuzunguka ili tutokomeze
A6,,,watu kupewa elimu juu ya madhara ya ukeketajipia elimu ya uzazi wa mpango kwa kuwa wanavyoamini wao kuwa wakifanya ukeketaji wanampunguzia hamu ya tendo kwa hyo binti yao hatakuwa katika matamanio ya kingono lakini hayo ni maamuzi tu
"D4, E2",,,itolewe elimu katika jamii kuhusu madhara ya ukeketaj
"A1,A7",,,athari za ukeketaji husabanlbisha wanawake kutokwa na damu nyingi wakati wa kujifungua au kuzaa na mwisho ni vifo vitokanavyo na athari hiyo
C3,,,maambukizi ya virusi vya ukimwi ndio athari kubwa kwa ukeketaji wa wanawake
,,,naomba kujiunga na hudama zenu
G6,,,hatuwa kali zichukuliwe kwa yoyote ambae atabainika anafanya tukio hiro
,,,wanaweza kufupixg maana ya wanawez kumuua napia anawez kumwag dam nyng
"D4, E2",,,kuwapa wanajamii elim ya kutosha juu ya kutokomeza ukeketaji
A7,,,kuambukizana magonjwa kusababisha vifo kupoteza nguvukazi ya taifa unyanya saji nakadhalika
A1,,,kupata maumiv wakati wa kujifungua na mam kutokwa na dam nyingi wakati huo
A7,,,mwanamke upungukiwa hisia anapofanya tendo ya ndoa
A7,,,kukosa amu ya tendo la ndoa kupoteza damu nyingi  na pia uweza kusababisha ugonjwa wa ukimwi endapo watatumia vifaa vya kienyeji kwa mtu zaidi ya mmoja
"D4, E2",,,kutoa elimu juu ya madhara ya ukeketaji na pia kuwachukulia hatua za kisheria wote wanaojihusisha
"A1,A7",,,kutokwa na damu nyingi wakati wakujifungua hivyo husababisha kifo
"A1,A7",,,kutokwa damu nyingi na kupelekea kifo kupata magonjwa ya kuambu kiza na kupata maumivu nakali wakati wakujifungua
"A1,A7",,,kutokwa na damu nyingi pindi anapo jifungua
"D4, E2",,,itolewe elim namadhalayake yawekewazi iliwatu wapatekuja athalizake
A7,,,da nalani kwasababu wanatoa utam kwa mwanamke
"A1,A7",,,mwanamke anapo keketwa kwanza anatokwa na damu nyingi anapo jifungua saa nyingine mama anapoteza maisha
G6,,,selikali ichukue mkondo wake
"A1,A7",,,kupata maambukizi ya ukimwi kuxababixha upungufu wa damu kwa mwanke kumxababixhia jeraha kubwa wati wa kujifungua
D4,,,elimu iendelee kutolewa hadi vijijini kabisa
A1,,,ukeketaji wa wanawake unasababisha vifo vya kina mama hasa wakati wa kujifungua na pia husababisha kusambaa kwa virusi vya ukimwi
"A1,A7",,,moja anapo jifungua damuitoka nyingi
D4,,,elimu mashule na kwa wazazipia kwa wahusika wenyewe wanawake
"D4, E2",,,2jitaid kutoa mafunz kuhx athal izo napia wale ambao watakua wanaendelea hatua za kixhelia zifanyike
"D4, E2",,,ilikutokomeza ukeketaji wa wanawake tanzania inatakiwa sehemu husika zipatiwe huduma za elimu mawasiliano na vyombo vya habari
"D4, E2",,,elimu itolewe kwa jamii juu ya madhala ayo jamii inayoendeleza na mila hizo serikali iwachukulie hatua stahiki
G6,,,wachukuliwe atua za kisheria wanaousika na mambo hayo
G6,,,kuchukua hatua katika jamii kuzuia ukeketaji
A7,,,athar mbaya ni ku2mia wembe na mkasi bila nganji
A7,,,1maambukizi 2kuathir mfumo wa uzaz
"D4, E2",,,elimu itolewe kuanzia mashuleni na kufanyike matamasha mbalimbali yanayokemea ukeketaji wa wanawake na wasichana
,,,asanten kwa ushirika wenu
"G6, E2, D4",,,1kuweka sheria kali               2kutoa hukumu kwa walewote wanao husika na ukatili huo   3kuielimisha jamii kuhu madhara yanayotokana na ukeketaji
A1,,,vifo wakatiwakujifungua
D4,,,kutolew elimu katka kata na mitaa
A1,,,watu waelimishwe zaidi  juu ya madhara yanayowapata wanawake wakati wanajifungua hilo litasaidi
A1,,,inaleta shinda kwenye kujifungua
"D4, E2",,,kwanza kabisa erimu itolewe yakutosha kuanzia ngazi ya familia iliwajue athari na mazala ya ukeketaji pili jamii pia ipewe elimu juu  ya ukeketaj nawote kwapamoja 2lipinge na sautiye2 iwe moja katikahili lanin pia 2wekipa umbele kuchukuw hatuw stahik zakutoa taalifa kwenyevyombo vya shelia pale mambo ya ukeketaji yanapo jitokez nawote kwapamoja tuzipinge mila potofu juu ya wanawake
G6,,,serikali iweke sheria kali kwa atakae bainika
"A7, C3",,,vifo na  maambukizi ya magonjwa kama vile  ukimwi
"D4, E2, G6",,,elimu itolewe na kila mahalina pia sheria ifuate mkondo wake kwa atakayebainika kuhusika au kujihusisha na mila hizo potofu
A7,,,ndio tena ilileta madhara makubwa ambayo yalisababisha vifo vyawenzetu wengi hususu maeneo yavijijini
"G6, E2",,,kitendochaukeketwaji kipigwe marufuku nayeyote atakaye bainika anafanya kitendo hicho achukuliwe hatua zakisheria
G6,,,kufsnyike msako mkubwa kwahao watu wanaofanya hv
"D4, E2, A7, C3",,,"1 kutoa elimu kwa jamii kuhuxu madhara yatokanayo na ukeketaji      
2kuondoa mila potofu kwa jamii hizo"
"A1,A7",,,kifo kupoteza damu nyingi wakati wa kujifungua na kunea kwa maambukizi ya virusi vya ukimwi kotokana na vifaa vinavyotumika
A7,,,maambukz ya ukimw na kutokwa damu nyingi wakt wa ukeketaj
"A1,A7",,,"kujifungua kwa shida
kukosa hamu ya tendo la ndoa
kupoteza damu nyingi
kifo
"
A7,,,mwanamke anapo keketwa hutokwa na damu nyingi xana ambayo inaweza kumpelekea hata kifo
,,,chamhim mtu akikama twa  atombwe
"D4, E2",,,elimu itolewe juu ya madhara ya ukeketaji
A1,,,rahisi kupata maambukizi na husumbua baadhi ya wanawake wakati wa kujifungua
A7,,,kufa  kumwaga damu nying
D4,,,elimu inatakiwa itolewe
"D4, E2",,,kukomesha mila na tamaduni jamii ipewe elimu juu ya ukeketaji wawanawake
A7,,,kukosa ham ya kufanya tendo la ndoa
"D4, E2, G6",,,"kutolewe elimu kwa jamii kuhusu madhala yatokanayo na ukeketwaji wana wake ikiwezekana itungwe shelia nakuwekwa adhabu
kwa mkekeji na mkeketwaji"
"D4, E2",,,kutoa elimu juu ya athari za ukeketaji hasa jamii ambazo zinaamini mila hizo za ukeketaji
A6,,,uzazi wa shida na vifo
A7,,,katka tendo la ukeketaji mkeketwa anaweza kupoteza damu nyng na kupoteza maisha
A1,,,"1ongezeko kubwa la waathirika wa ukimwi
2vifo kuongezeka hasa wakati wakujifunguakuzaa "
"D4, E2, G6",,,"1 elimu itolewe kwa jamii zinazoendeleza zoezi hilo juu ya madhara yanayotokana nalo
2 serikali iweke sheria na sera kali kuwawajibisha wote wanaohusika katika zoezi hili
3 kudhibiti mazingira yote hatarishi yanayotumika kufanyia ukeketaji"
"D4, E2",,,kutoa elimu ya kutosha juu ya athar zake na kuweka mikakat imara pia kuwajenga juu ya mising mipya ya uvunjaji wa mila na kuingia katika tamadun mpya ambazo hazina mazara
,,,asate kwaushauri wenu
"A1,A7",,,ukeketaji unamuthirimwanamke wakatiwakujifungua kwakutokwa damu nyingimwishowe anaweza kufa
"E2, G6, D4",,,vita dhidi ya mila potofu na atakae bainika anafanya kitendo hicho achukuliwe hatua kali za kisheria na jamii zilimishwe kuhusu vitendo hivyo vya ukeketaji
"A1,A7",,,1 wakati wa kujifungua hutokwa na damu nyingi2hukosa hamu ya tendo la ndoa
A7,,,kwanza niu zalilishaji wanawake pia wengi hupatwa na maambukizi
"G6, E2",,,wale waokeketa wakamatwe na wachapwe viboko wa fungwe miaka 5 na faini juu
"D4, G4",,,elimu kwa jamii haki kwa wanawake itendeke
"D4, E2",,,jamii zielimishwe kuhusu madhara yake  adhabu kali zitolewe kwa mangaliba wote
"A1,A7",,,1wanawake kupata shida wakati wa kujifunguakutokwa na damu nyingi 2 kusababisha magonjwa
"D4, E2",,,elimu itolewe kwa jamii wananch waelimishwe kuhuxu athar zitakazo jitokeza baada ya tendo hlo kukamilika
"A1,A7",,,"kifo
kupoteza damu kwa wingi
matatizo wakati wa kujifungua
kukosa hamu ya tendo la ndoa"
"D4, E2",,,elim itolew kwa hizo jamii zeny kukeketa watoto wa kike
,,,asanten na nyie kwa ushirika wenu
"A7, C3",,,athari za ukeketazi ni zifuatazo husababisha vifo huondoa hamu ya tendo la ndoa husababisha pia maambukizi ya magonjwa kama ukimwi
"A1,A7",,,baadhi ya athari zinazo mpata mwanamke ni 1maumivu na kutokwa damu nyingi wakat wa ukeketaji namagonjwa ya kuambukiza 2kisekrojia kama mwanamke anakosa hata hamu ya tendo la ndoahisia zinapotea 3kujifungua kwa shida maana moja ya kiungo kimetolewa 4kwa wanafunzi wanakosa masomo wengine wana keketwa bado wadogo wanahalibiwa maumbile yao tu 5nikitendo cha kumkosoa mungu kwa uumbaji wake ushauri wangu inatakiwa iendelee kutolewa elimu kwa jamii inayojihusisha na kitendo kibaya cha ukeketaji kwani mila hizo zimeputwa na wakati yangu ni hayo machache nawatakia kazi njema tupo pamoja sana
,,,mtawasaidiaje kwa wale ambao hawatumia sim za kisasa ili na wenyewe waweze kuendelea
"D4, E2",,,elimu kwa umma juu ya athar zote za ukeketaji kwa mwanamke kwa kufanya ivo tutakuw tumeokoa maixha ya wanawake
A7,,,kutoka damu nyingi na kusababisha maumivi makali
A7,,,uambukizi wa vvu na pia vifo hutokea pind anapotokwa na damu nying kupita kiac
"D4, E2, C3",,,kutoa elimu  kwa jamii husikakuhus madhara ya ukeketaji lakini pili ziwekwe sheria zitakazozuia masuala hayo kwenye jamii
"G6, E2",,,serkal iwajibike kutangaza kwenye vyombo vya habar nakama wananch bado hawasikii serikal ichukue hatua kuwakamata wanao fanya vitendo kama hivyo
"D4, E2",,,"kutoa elimu
kuweka sheria
"
A7,,,kutokwa na damu nyingi na kuatarisha maisha yamkeketwaji
D4,,,kutoa elimya kijinsia kwa wanawakwa lika zote
D4,,,kutoa  elimu  kuanzia  elimu  ya  msingi  sekondari  pia jamii  kiujumla  kwenye  mikutano  ya  hadhara
"D4, E2, G6",,,1 elimu itolewe dhidi ya ukeketaji wa wanawake 2 azabu kubwa itolewe kwa wale wote wanaoendekeza ukeketaji wa wanawake
"D4, E2",,,kuelimisha jamii iachemilapotofu
"A1,A7",,,kupoteza maisha kutokwa damu nyng wakat wa kujifungua
A7,,,magonjwa ya kuambukiza kwasababu kifaa kimoja kinatumiwa na mtu zaid ya mmojakupata maumivu makali
D4,,,kutoa  elimu kwa jamii
G6,,,kwa watu wanaofanya hivy wachukuliwe hatua ya kisheria
D4,,,elimu tena iwe kwa kila rika na elmu hyo haswa itolewe vijijin maana matatizo ndipo yalipolala
A7,,,upunguza hamu ya kufanya tendo la ndoa kwa wanawake
"D4, G6",,,"kutoa elimu
 sheria ziweke na kusimamiwa"
D4,,,elimu itolewe kwa makabila yanayo fanya au kuaendeleza vitendo ivo
A7,,,kutopata nyege kwa akina mama
"D4, E2, G6",,,wakibainika ao wanaofanya ukeketaji atua kali za kishelia zichuliwe juu yao au vitolewe vipindi kwenye redio vinavyotoa elimu kuusu mazala ya ukeketaji
"A1,A7",,,kupoteza damu nyingi wakati wa kujifungua had kupoteza maisha
"A1,A7",,,kutokwanadamunyingiwakatiwakujifungua
A7,,,athari mbaya za ukeketaji ni uambukizwaji wa magonjwaukatili kwa mwanamke
D4,,,semina kwetu si2wamasai maana ndio wabishi sana
A7,,,unapata maumivu makaliunapoteza damu nyingi pia unaweza poteza maisha
A7,,,1unasababisha ueneaji wa magonjwa ya zinaa 2kunamsababisha mwanamke kukosa hamu ya tendo la ndoa
D4,,,elimu kuhusu madhara ya ukeketaji
"D4, E2",,,uelimishaji juu ya madhara ya ukeketaji hasa kwenye mikoa inayohusika na hilo kama vile maradodoma nk
D4,,,hatua kali za kisheria kwa wake wanaoendeleza mila hizo
A7,,,upotezaj wa damu nyingi na kupelekea vifo
,,,sawa asanteni kwa maswali
A7,,,unapata maumivu makaliunapoteza damu nyingi pia unaweza poteza maisha
"A1,A7",,,wanawake upoteza damu nyingi wakati wa kujifungua na wanaweza kupoteza maisha
"D4, G6",,,kutoa elim katika jamii husika kuwapa adhabu kali kwa wanaofanya vitendo hivyo ili iwe fundisho
A7,,,kusababisha vifo kwa wanawake
"E2, G6",,,wafuatwe wale walio keketwaili wawataje walio wakeketa wakamatwe iwe fundisho kwa wengine
D4,,,manenodotkom kutoaerimkwanjiayamitandaonaredio
"D4, G6",,,mi nahisi ukeketaji hauna mana sana sana wanawaumiza wenzao tu wanaofanya mambo ayo wachukuliwe hatua za kisheria
A7,,,athari kubwa nikumpunguzia eshima nakuaribu maumbire alioumbiwa na mungu
"A6,A7",,,kupoteza damu nyingi wakat wa uzazi
"D4, E2",,,elimu itolewe kuhusu athal za ukeketaji hasa vijijin
"C3, A7",,,kuathirika kiakilipia maambukizi ya virusi vya ukimwihatakutokwa na dam nyingi
D4,,,kuelimisha jamii zenye kufany vitendo hivo
"D4, E2",,,kuelimisha jamÃÂÃÂÃÂÃÂ£ÃÂÃÂÃÂÃÂ£ÃÂÃÂÃÂÃÂ¢ÃÂÃÂÃÂÃÂ­i about mazara ya ukeketaj
"A1,A7",,,mwanamke anapoteza damu nyingi xana na kupelekea kifo hata hivyo vifaa vinavyotumika si xalama hivyo vinaweza kuxababixha maambukizi ya magonjwa mbalimbali ikiwemo ukimwi na magonjwa ya zinaa pia mwanamke napata shida xana wakati wa kujifungua wakati mwingine kupelekea kupoteza maixha
A7,,,niathal kubwa unaweza ukaupoteza uhai wamtu
"D4, G6",,,1serikari inatakiwa kuliangaliasana iliswala              2kutoa elimu kwawanajamii     3wanawake kuamakini naili swala
"D4, E2",,,hapana ila mwanzo katik jamii inayonizunguuka ilikua inafanya ukeketaji ila tangu watu waanzekupiga vita ukeketaji ndipo wakaacha mila hiyo yaukeketaji wanawak
"A1,A7",,,kifo wakati wa kujifungua au wakati wa tendo lenyewe la ukeketaji linapofanyika kutokana na kutokwa na damu nyingi
"D4, E2",,,elimu itolewe kuhusu ukeketaji na athari zake hasa katika mazingira vijijini
D4,,,elimu ya kutosha itolewe kwa jamii
A7,,,maambukizi ya magonjwa mbalimbali kifo kutokana na kutokwa kwa damu nyingi
"G6, E2",,,kuzuia nakumchukulia hatua kwa yeyote anaye fanya ukeketaji
A7,,,kutokwa na damu nyingi wakati wa ukeketaji
A7,,,kutokwa  na  damu  nyingi  kupoteza  hamu  ya  tendo  la  ndoa  na  mwisho  kupoteza  maisha
"E2, G6",,,nikupingana na ukatil huo pia serikali ipige vita kali jambo hlo
A1,,,kifo wakati wa ukeketajiwakati wa kujifungua na kutokushirik kwa raha tendo la ndoa
"D4, E2",,,elimu itolewe juu ya madhara ya ukeketaj
E2,,,siku hizi wamebadilisha mfumo wanakeketa watoto wakiwa wadogo hivyo ni vigumu kusikia au kujua
"D4, E2, G6",,,1 elimu kuhusu ukeketaji 2kuzuia mila potofu 3 hatua kali za kisheria kuchukuliwa 4kuwaelimisha wanawake juu ya  madhara wanayoweza kupata kupitia ukeketaji
"D4, E2",,,chakufanya wangepatikana walimu wakutoa elimu vijijini au maeneo yote waweze kufundisha maana ya ukeketaji na hasara zake ili kuepuka madhara yeyote yatokanayo na ukeketaji
"A1,A7",,,kutokwa damu nying wakat wa kujifungua ambayo inaweza kusababisha vifo
A7,,,kusababisha ulemavu na kusababisha vifo
A7,,,1kifo  2 kupoteza damu nyingi 3  kuambikizwa magonjwa yanayoambukza
A7,,,tuwaache wafe iri riingie upxa kundi  la ufakj
,,,nashukuru kwa kunikumbusha
C3,,,ni kuenea kwa virusi vya ukimwi kwa mkeketwaji kwan huwa wanatumia nyenzo moja ktk shughuri ya ukeketaji
"D4, G6",,,elimu itolewe pia kuwepo sheria
D4,,,mafunzo yatolewe kwa jamii
A7,,,atharni kumweka mwanamke au binti mazingra ambayo yanawafanya kuwa na wakat mgumu  wazalaulike ktk jamii inayowazunguka wanakuw hawajiamini  kwenye nafasi zao kama mwanamke
A7,,,kupoteza damu nyingi na kupelekea kifo
A7,,,mwanamke kukosa hisia ya penzi na kuto furahia tendo la ndoa
A1,,,vifo mama kushindwa kujifungua na kupata fistula
,,,naomba mnielekeze jinsi yakujua jina la namba ya simu
,,,usiku mwema mungu baba awalinde sema amina
"G6, D4",,,sheria kali na utoaji wa elimu
"G6, D4",,,wachukuliwe hatua wale wote wanaohusika na vitendo hivyo elimu itolewe kwa jamii husika
"A1,A6",,,kupoteza hamu na radha ya tendo la ndoamatatizo ya uzazi kipindi cha kujifungua
"D4, E2",,,kuelimisha jamii athali za ukeketaji
A7,,,kutokwa damu nyingi wakati wa kujigu gua
A7,,,athari yakwaza kutokadamunyigi atharinyigine kifo cha papokwapo
"D4, E2",,,elimu itolewe kwa kina na sii mijin hata vijijin pia  kwan matukio meng ya ukeketwaj yanatokea vjjn na sio mijin
"D4, E2",,,mimi  kwamawazo yangu tuwafikishikie ushauli yawezekana wakaacha
"D4, E2, G6",,,kutoa erimu zidi yaukeketaji  ususani vijijini na  kuwekwa sheria kari watakamatwa natuhuma zaukeketaji
"G6, E2",,,sheria juu ya ukeketaji itolewe
"D4, E2",,,maoni yangu tutokomeze kabisa ukeketaji  katika jamii zetu kwakupitia midahalo na makundi ya jinsia ya kike
"A1,A7",,,kutokwa na damu nyingi wakati wa kujifungua  pili kusababisha kuongezeka kwa maabukizi ya ukimwi
"A4,A6",,,kwamfano kwa sasa mtoto wadarasa lasaba anapo malisa ana keketwa halafu sikuhisi nikimyakimya sanasana mwezi wa 12 inanikera sana mi2 paulo yohana laizar toka simanjiro
"D4, E2",,,kupewa elimu sana kuhusiana na ukeketaji na athari ambazo atapata mtu anaye fanyiwa ukeketaji
"D4, E2",,,kuwaelimisha kuhusu ukeketaj na kuzijua athari zake
G6,,,atakae fanya ivyo achukuliwe atua za kisheria
D4,,,kutoa elimu kwawazazi
,,,kwa hy tutapt taarif kutumia njia gn ya uhkika
A7,,,athar mojawapo ni kutopenda tenda la ndoa
A7,,,kumkeketa mwanamke kunampelekea kupoteza damu nyingi kuvuja sehemu za siri na kupelekea kupoteza maisha kabisa pia kunapelekea uwezekano wa kupata magonjwa ya zinaa
"G6, E2",,,adhabu kali kwa watakao usika au kushiriki ukeketaji kuwepo kwa taasis za malalamiko dhid ya ukeketaji kwa mabinti
D4,,,kutoa elim kwa jamii zinazofanya hvyo
A1,,,amaumivu makali wakati wa kujifungua                                         bmagonjwa ya zinaa
A7,,,athali mbaya kwanza kumsababishia mwanamke kupoteza haki yake y msingia athali zngne mwanamke anapojifunguwa hupata matatizo makubwa y kuvuja damu n wengne uwapelekea kufa pia mwanamke kwnye jamii inayo mzunguka kujiona ana thamani kama wanawake wengine
A7,,,kupoteza damu nying aidha kupoteza maisha kabisa
"G6, E2",,,kuwachakulia hatua  kali za kisheria pindi wanapokamatwa hawa wakeketaji
A7,,,kutkua na laha ktk tend landoa
"D4, E2",,,ni kugomea vikali ukeketaji lkn pia ni vema watu wakaelimishwa athali za ukeketaji kwakufanya hivyo kutatokomeza kabisa ukeketaji wanawake
"G6, E2",,,vijana tuwe macho tuonapo tukio kama hili linafanyika tutoe taalifa kwenye ngazi za sheria na pia u report pamoja na mitandao ya kijamii pia ingefika mpaka vijijini
"G6, E2",,,mi naona serikal iweke mikakat kwamba kwa sehem yoyote ambayo itafanya swala la ukeketaj wachukuliwe hatua
,,,mwafilwa mbele na nyuma
"E2, D4, G6",,,kwanza kuzidisha kasi ya kueneza elimu juu ya madhara yanayowapata wanawake wanaokeketwa pili kuchukua hatua za kisheria dhidi ya wanaoendeleza ukeketaji
"E2, G6",,,jamiikwaujumla wasopendezwa nakitendo hiki chaukeketaj wakiona mtuflan anafanya kitendo hiki asisite kufikisha ujumbe kituon au wakikamatwa zaid yakum wataacha kitendo hiki
"D4, E2, G6",,,wakeketaji wakamtwe washitakiwe pia wananchi watoe talifa pindi wanapo ona vitendo ivyo vinafanyika wapewe na elim
"D4, E2",,,kutolewe elimu kuhsu madhara ya ukeketaji kwenye jamii zinazofanya ukeketaji
"D4, E2, G6",,,elimu kwa jamii husika itoleweiwekwe sheria kali dhid ya waendesha shughuri za ukeketaji
A1,,,vifo kwa wanawake nakupatatabu wakati wakujifungua ambako ndio vifo vingi vyakina mama hutokea kuambukizwa magonjwa kama ukimwi
"D4, E2",,,watu waelimishwe juu ya madhara yaukeketaji wanawake hiyo itakua njia bora zaidi
A1,,,kupat maumiivu wakat wa kujifungua pia kutofurahia tendo la ndoa
"D4, E2",,,chamsingi kutoa mafundisho ya kuwaelimisha athali zake na kutoa maamzi magum kwayule kichwa ngum
"D4, E2",,,elimu itolewe kwa jamii juu ya athari za ukeketaji
A7,,," hupelekea vifo kwa wanawake
 kupoteza damu nying mwilini
 baadhi ya wanawake kukosa hapa familia"
"D4, E2, G6",,,"1kutolewe elimu kwa jamii zidi ya athari hasi za ukeketaji wanawake
2kutolewe adhabu kali kwa atakae gundulika anafanya hivyo"
"A1,A7",,,vifo kutokwa damu nyingi wkt wa kujifungua na kupoteza hamu ya tendo la ndoa
A7,,,kupoteza damu nyingi
D4,,,zitolewe  semina ktk jamii inayotzungka
"D4, E2",,,1ÃÂÃÂÃÂÃÂ£ÃÂÃÂÃÂÃÂ£ÃÂÃÂÃÂÃÂ¢ÃÂÃÂÃÂÃÂ±kutoa elimu kwa jamii kuhusu madhara ya ukeketaji na athari zake
"G6, E2, D4",,,elimu itolewe kwa jamii husika ili kuachana na hii mila potofu inayosababisha madhara makubwa katika jamii serikali pia ichukue hatua kali dhidi ya jambo hili kwa atakayebainika
"G6, E2",,,serikali itowe adhabu kwa mafundi ukeketaji
"D4, E2",,,kutoa semina mbalmbal kwa jamii kuhusu madhara ya ukeketaji
A7,,,vifo na kutokwana damu nying
"D4, E2",,,jamii ielimishwe juu ya madhara ya ukeketaji hiyo ndio njia pekee ya utokomezaji wa ukeketaji
A7,,,athal ni kupata magojwa mbalimbal inaweza kuharibu mfumo wa mwanamke
A1,,,hasahasa wakati wa kujifungua
"G6, E2",,,mimi maoni yangu watu wanao wafanyia ukatili w kijinsia wanawake wakamatwe n adhabu zitolewe kali juu yao
"D4, E2, G6",,,jamii ipewe elimu kuhusu madhara yasababishwayo na ukeketaji wa wanawake pia serikali itoe adhabu kali kwa wote watakao husika na ukeketaji wa wanawake
A7,,,adhali ni kama uambukizaji wa virus vya ukimwi kifona magonjwa mengne yanayoambukizwa kwanjia ya kuchangia damu
"D4, E2",,,kinachotakiwa kutolewa elimu katikakila kijiji
"D4, E2",,,elimu itolewe kwa jamii ambazo hujihusisha na ukeketaji wa wanawake ili waweze kuelimika
"E2, A7",,,wanapo fanyiwa ukeketaji wanawake wanaweza kufa pili kuambukixama magonjwa maana anae keketa anatumia kifaa kimoja tu
"G6, D4, E2",,,1hadhabu kali zitolewe kwa watu wanao jiusisha na vitendo hivi 2kutoa elimu kuusu athari za ukeketaji
A7,,,1vifo kutokana na upotevu wa damu 2maambukizi ya magonjwa kama ukimwi kutokana na vifaa vinavyo tumika 3 mwanamke kushindwa kufurahia tendo la ndoa ambalo ni haki yake
"D4, E2",,,tuwaelimishe  jamii  ya  makabila  yanayofanya  mila  hiyo  potofu  bado  kuna  makabila  wanafanya  kwa  siri
,,,najaribu kuwaunga lakini asilimia 80 hawajui kusoma nakuandika kwahiyo ukiwaelewesha hawakuelewi kabisa
"D4, E2",,,elimu itolewe kwa jamii zote kuhusu athari za ukeketaji
"A1,A7",,,mwanamke hupoteza damu nyingi wakati wa kujifungua
A7,,,mazar nimegi 1 ugwanjw
"D4, E2, G6",,,kuwapatia elimu wazee wanaofanya ukeketaji sheria ichukue mkondo wake kuwapatia adhabu kali
G6,,,kupga marifuku kukeketwa wanawake
"D4, E2, G6",,,"wanawake wapewe elimu ya jinsia kuliko kufanyiwa kitendo cha ukekeji
serekali inatakiwa ichukue hatua kuthibitisha tabia hiyo"
"D4,E2",,,ili kutokomeza ukeketaji wa wanawake ni serikali ipeleke elimu kweny jamii husikana kuwapa hathari zake
"D4, E2, G6",,,elimu itolewe na adhabu kal dhd ya wanaoshirik ukeketaji
A7,,,ukeketaji unaweza kusababisha kifo kwakupoteza damu nyingi pia ukeketaji unaweza kusababisha maambukizi ya magonjwa kama vile maambukizi ya virusi vya ukimwi kutokana na kuchangia vifaa vya ukeketaji
"D4, E2, G6",,," kutolewa elimu zaid
 kuacha kuamini mila potofu
 serikali itoe katazo"
"A7, C3",,,vifo vng wkt wa ukeketaj na maambukz meng ya magonjw ya kuambukz km ukimwi
A7,,,ukeketaji wa wanawake una madhara yafuatayo 1kupata maambukizi ya magonjwa mfano hiv 2 kupoteza damu nyingi
A7,,,kupoteza damu nyingi hivyo inaweza kusababisha vifo
"A1,A7",,,kupoteza damu nyingi wakati wa kujifungua na kusababisha kifo
"E2, D4, G6",,,ili kutokomeza ukeketaj kwa wanawake ni kutoa elimu ya kutosha kwa wananch na kuwachukulia atua kali za kishelia wale ambao wanawakeketa wanawake
G6,,,sheria iwepo kwa wote wanaofanya vitendo hivyo
"C3, A7",,,maambukiz ya vvu kupoteza dam nying
A7,,,uzarililishaji wa kijinsia maambukz ya magonjw kuvuja dam nying atimay kufa
,,,huwa wanakataa kila nitakaye mwambia
"G6, D4",,,sheria kali ziwekwe elimu itolewe kuhusu athari zake
"D4, E2",,,watu wapewe elimu kuhusu madhara ya ukeketaji
,,,asanten  mungu  awabariki
"D4, E2, G6",,,ni kutoa elim kwa wazazi  na jamiipia nasheria pia ziwep
"D4, E2",,,nikupazasauti zetu kukataa ukeketaji
A7,,,athari kubwa kabisa ni kupata kansa ukeni
A7,,,kuenea kwa magonjwa hatar kama hiv
"G6, E2",,,mangaliba wote wafikishwe katika vyombo vya shelia na makabila yanafanya ukeketaji matamasha yafanyike katika makabila hayo kutomeza ukeketaji
A7,,,"1kifo 2kupungukiwa dam 
3ukosef wa isia za tendo la ndoa
nk"
A7,,,wanahabika kiseikolojia pia kumfanya mwanamke awe tofaut na wengine mwishp maambukizi ya vvu
"A1,A7",,,"1anaweza akapoteza maisha
2kutokwa kwa damu nying
3kukosa damu ya kutosha wakati wa kujifungua na kupelekea kufariki"
"D4, E2",,,kutoa elimu kuhusu athari za ukeketaji
"G6, E2",,,tupige vita ukeketaji atakayejulikana anafanya kitendo hicho hatua za kisheria zichukuliwe
"A1,A4,A6,A7",,,kutokwa  na damu yingi wakati kujifungua mtoto
,,,jaman najitoa kweny urepoters
"A7, C3",,,kifokusambaa kwa ukimwimaumivukupoteza hamu ya tendo la ndoa
"A7, C3",,,1vifo  2maambukizi ya vurus vya ukimwi 3migogor
"D4, E2",,,1elimu inahitajika sana hasa vijijini 2kutoa ushauri kwa ngaliba waache ukeketaji maana zama hiyo imepitwa na wakati pia inatakiwa kubuni mkakati wa kuwasaidia kuanzisha miladi yao mfbiashara ndogondogo na ujasiliamali wawezeshwe ili waachane na kazi mbaya ya ukeketaji 3kuwatembelea wahanga wenyewe na kuwajenga kisekrojia pia kuwapa mitaji  waanzishe biashara zao 4naomba mashirika mftasaf iwatembelee kuona changamoto zinazo wakabiri ili kuzitatua 5naomba wananchi waendelee kutoa taarifa kuwafichua wanaokeketa  6naiomba serkali na mamraka husika zichukue hatua kali kwa wanaoendelea na ukeketaji
A7,,,kupata magonjwa kama fistula
"D4, E2",,,kwanza kutoa elimu kuhusu ukeketaji na madhara yake kwa wanawake na wale mangariba na jamii kwa ujumla bila kusaau mashulenikupiga vita tena vita ya ukeketaji kwa wanawake na kuweka sheria kali na kuchukuliwa hatua  kwa wale watakao usika na swala zima la ukeketaji wa mwanamke
,,,je ninaweza kuuliza maswal yoyote
"E2, D4, G6",,,1elimu itolewe katika jamii                2 adhabu kali zitolewe kwa wakaoonekana kuendeleza ukeketaji tanzania
"A1,A7",,,ukeketaji mara nyingi hupelekea kifo wakati wa kujifungua kwasababu mwanamke hutokwa na damu nyingi sana
"E2, D4",,,kuelimisha jamii juu ya athar za ukeketaj
A7,,,kutokwa damu nyingi wakati wa kuzaa kupata maumivu makali wakati wa kuzaamaambuzi ya hiv
"E2, D4",,,elimu itolew zaid juu ya madhar ya ukektaj kwa jamii zeny mila za ukeketaj na hta cxizokuw ili kupanua wigo wa uelew zaid juu ya xwla hli
G6,,,"kutunga shelia kali itakayo wabana wanyanyasaj wa wanawake 
"
A7,,,kutokwa na dam nying hadi kumpelekea kifo
"E2, G6",,,ilikutokomeza ukeketaji kwanza hatua kari zichukuliwe kwa anae fanya kitendo hicho
A7,,,hupelekea magonjwa kama vile ukimwi na pia hupelekea vifo vingi na vilevile upungufu wa damu katika mwili
,,,asanteni sana kazi njema
G6,,,kwanza hatua kali kwa wakeketaji  pili elim zaidi kwa jamii kubadili mila hatarish
A7,,,vifo na ulemavu kwa wanawake
"D4, E2",,,elimu itolewe kuhusu madhara ya ukeketeji
"A4,A6",,,kutotanuka kwa njia ya mtoto kupita nakusababisha mama kupigwa opereshen na wakat mwingne kupelekea kifo na maambukiz ya vvu kwa urais wakat mwingne
,,,jaman naondoka kwenye urepotersnajitoa
A7,,,kifomaambukizi ya magonjwa
A1,,,matatizo wakati wa kujifungua hilo la kwanza pili inaondoa kujiamini kwa mwanamke lakini pia inapunguza radha na kuondoa maana halisi ya tendo la ndoa na kugeuka mateso kwa maumivu na kubwa zaidi ni kunyanyapaliwa na jamii kitu kinachopunguza ukuaji wa maendeleo ya jamii na taifa kwa ujumla asante
"D4, G6",,,elimu itolewa na sheria ziwekwe
"A7, C3",,,kutokwa dam nyingi hadi kupoteza maishapia maabukiz y magonjwa hasa la ukimwi kwa vifaa wanavyo tumia
D4,,,kuanzisha semina na kampeni mbalimbali kwenye maeneo tofauti juu ya athari za ukeketaji kwenye jamii haswaa kwa mangariba na kutumia lugha nzuri
A7,,,ukeketaji unasababisha vifo pia magonjwa
"G6, E2, D4",,,1uwepo utekelezaji wa sheria na haki za wana wake  2elimu itolewe juu ya athari za ukeketaji wana wake 3watoaji wa elimu wafike zaidi sehemu za vijijini kwani ndiko kunaathirika zaidi
"C3, A7",,,kwanza kabisa wanaweza kupata magonjwa ya maambukizi kama vile ukimwi kwakuchangia vifaa ambavyo wanatumia kukeketea
"G6, E2",,,hatua ifuatwe ili kutokomeza ukeketaj
A1,,,kujisikia maumivu makali wakat wa kujifungua
A7,,,ukeketaji una  sababisha watu kufa ovyo kuambukiza magonjwa   yazinai
"G6, E2",,,miningeomba wanao fanya shuguli za ukeketaji hatuwa zakishelia zichukuliwe wao fanya shulihizo
